"spp","n","simp_accuracy","simp_precision","simp_recall","simp_f1","simp_fpr","simp_fnr","tree_accuracy","tree_precision","tree_recall","tree_f1","tree_fpr","tree_fnr","agreement"
"BM",18240,0.925986842105263,0.762608695652174,0.931492299522039,0.838632560363376,0.0754456266408733,0.0685077004779607,0.962828947368421,0.922088572990705,0.895645246946362,0.908674568965517,0.0196904794804477,0.104354753053638,0.943969298245614
"PB",18240,0.881195175438596,0.545817669172932,0.908486507626124,0.681931601350359,0.123254479372569,0.0915134923738756,0.947423245614035,0.824006488240065,0.794681267109894,0.80907824009556,0.0276732767965313,0.205318732890106,0.895833333333333
"RM",18240,0.884923245614035,0.748648648648649,0.878841959151299,0.808537808993888,0.112752898385997,0.121158040848701,0.935416666666667,0.90035218562254,0.861788617886179,0.8806484295846,0.0364476775024627,0.138211382113821,0.909375
"SO",18240,0.910910087719298,0.852737226277372,0.851028956474231,0.851882234983137,0.0632990822809632,0.148971043525769,0.937774122807018,0.920138888888889,0.868694226916773,0.89367681498829,0.0324731351478547,0.131305773083227,0.935197368421053
"WO",18240,0.851370614035088,0.780829015544041,0.855399460763445,0.816414979345839,0.151165907263468,0.144600539236555,0.935910087719298,0.928051267113312,0.904214559386973,0.91597786243082,0.0441347270615563,0.0957854406130268,0.833004385964912
"YB",6840,0.81827485380117,0.948598130841122,0.686777558500141,0.796729354047424,0.0400850288490738,0.313222441499859,0.963011695906433,0.969230769230769,0.959120383422611,0.96414907184356,0.0327968417856058,0.0408796165773893,0.808771929824561
